ID,Datum,Zeit,Der aktuelle Status des Km,Laufene Km,Kennzeichen,Tankstelle,Menge,Verbrauch,Preis pro liter,Gesamte preis,Steuer,Steuer preis,Gas,alternativ adresse,Google link
16,07.11.2023,13:05,189620.0,0,MP3246,Avia Station - Markt Schwaben D,29.67,0,1.5353,45.55,19%,8.66,Diesel,"85 Markt Schwaben, Germany","https://maps.google.com/?q=48.1909223,11.8630208&elevation=N/A"
17,11.11.2023,18:13,190620.0,1000.0,MP3246,Avia Station - Markt Schwaben D,59.56,5.96,1.5101,89.94,19%,17.09,Diesel,"85 Markt Schwaben, Germany","https://maps.google.com/?q=48.1909223,11.8630208&elevation=N/A"
28,12.11.2023,10:38,0.0,0,MP3246,Agip Station - Muenchen Dp,32.43,0,1.5774,51.16,19%,9.71,Diesel,"Munich, Germany","https://maps.google.com/?q=48.1351253,11.5819806&elevation=N/A"
29,15.11.2023,13:06,191830.0,191830.0,MP3246,Avia Station - Markt Schwaben D,36.74,0.02,1.5018,55.18,19%,10.48,Diesel,"85 Markt Schwaben, Germany","https://maps.google.com/?q=48.1909223,11.8630208&elevation=N/A"
30,18.11.2023,13:16,192675.0,845.0,MP3246,Allguth Station - München Dp,50.85,6.02,1.5102,76.79,19%,14.59,Diesel,"Munich, Germany","https://maps.google.com/?q=48.1351253,11.5819806&elevation=N/A"
42,19.11.2023,18:38,0.0,0,MP3246,Agip Station - Muenchen Dp,23.43,0,1.519,35.59,19%,6.76,Diesel,"Munich, Germany","https://maps.google.com/?q=48.1351253,11.5819806&elevation=N/A"
60,02.12.2023,19:47,195107.0,195107.0,MP3246,Jet Station - München Dp,47.08,0.02,1.4429,67.93,19%,12.91,Diesel,"Munich, Germany","https://maps.google.com/?q=48.1351253,11.5819806&elevation=N/A"
72,03.12.2023,19:56,195712.0,605.0,MP3246,Jet Station - München Dp,4.65,0.77,1.452,6.75,19%,1.28,Diesel,"Munich, Germany","https://maps.google.com/?q=48.1351253,11.5819806&elevation=N/A"
73,09.12.2023,14:07,196239.0,527.0,MP3246,Avia Station - München D,55.68,10.57,1.4682,81.75,19%,15.53,Diesel,"Munich, Germany","https://maps.google.com/?q=48.1351253,11.5819806&elevation=N/A"
92,16.12.2023,19:05,111111.0,-85128.0,MP3246,Omv Station - Poing Dp,37.22,-0.04,1.4008,52.14,19%,9.91,Diesel,"85 Poing, Germany","https://maps.google.com/?q=48.1716114,11.8064153&elevation=N/A"
107,17.12.2023,19:18,197622.0,86511.0,MP3246,Omv Station - Kirchheim Dp,47.63,0.06,1.4009,66.73,19%,12.67,Diesel,"73 Kirchheim unter Teck, Germany","https://maps.google.com/?q=48.6471033,9.4519635&elevation=N/A"
164,06.01.2024,05:42,202271.0,4649.0,MP3246,Agip Station - München Dp,59.38,1.28,1.4934,88.68,19%,16.84,Diesel,"Munich, Germany","https://maps.google.com/?q=48.1351253,11.5819806&elevation=N/A"
165,08.01.2024,19:53,203101.0,830.0,MP3246,Omv Station - München Dp,54.64,6.58,1.3924,76.08,19%,14.46,Diesel,"Munich, Germany","https://maps.google.com/?q=48.1351253,11.5819806&elevation=N/A"
166,10.01.2024,16:37,203847.0,746.0,MP3246,Avia Station - München D,48.59,6.51,1.3756,66.84,19%,12.7,Diesel,"Munich, Germany","https://maps.google.com/?q=48.1351253,11.5819806&elevation=N/A"
167,13.01.2024,07:13,204593.0,746.0,MP3246,Avia Station - Markt Schwaben D,48.62,6.52,1.4598,70.98,19%,13.48,Diesel,"85 Markt Schwaben, Germany","https://maps.google.com/?q=48.1909223,11.8630208&elevation=N/A"
168,13.01.2024,18:15,204982.0,389.0,MP3246,Avia Station - Neubiberg D,22.0,5.66,1.4262,31.38,19%,5.96,Diesel,"85 Neubiberg, Germany","https://maps.google.com/?q=48.0747033,11.6714622&elevation=N/A"
201,20.01.2024,06:03,205851.0,869.0,MP3246,Agip Station - München Dp,62.95,7.24,1.3756,86.6,19%,16.45,Diesel,"Munich, Germany","https://maps.google.com/?q=48.1351253,11.5819806&elevation=N/A"
217,02.02.2024,18:59,209384.0,3533.0,MP3246,Avia Station - Markt Schwaben D,29.45,0.83,1.3756,40.51,19%,7.7,Diesel,"85 Markt Schwaben, Germany","https://maps.google.com/?q=48.1909223,11.8630208&elevation=N/A"
218,03.02.2024,16:50,210091.0,707.0,MP3246,Omv Station - München Dp,55.23,7.81,1.4092,77.83,19%,14.79,Diesel,"Munich, Germany","https://maps.google.com/?q=48.1351253,11.5819806&elevation=N/A"
228,04.02.2024,12:25,210779.0,688.0,MP3246,Agip Station - München Dp,55.42,8.06,1.4514,80.44,19%,15.28,Diesel,"Munich, Germany","https://maps.google.com/?q=48.1351253,11.5819806&elevation=N/A"
229,08.02.2024,09:38,211707.0,928.0,MP3246,Agip Station - Taufkirchen Dp,60.23,6.49,1.4597,87.92,19%,16.71,Diesel,"Taufkirchen, Germany","https://maps.google.com/?q=48.0500225,11.6166508&elevation=N/A"
230,10.02.2024,19:00,212455.0,748.0,MP3246,Avia Station - Markt Schwaben D,45.68,6.11,1.384,63.22,19%,12.02,Diesel,"85 Markt Schwaben, Germany","https://maps.google.com/?q=48.1909223,11.8630208&elevation=N/A"
241,16.02.2024,19:17,213204.0,749.0,MP3246,Omv Station - Poing Dp,45.19,6.03,1.4261,64.45,19%,12.24,Diesel,"85 Poing, Germany","https://maps.google.com/?q=48.1716114,11.8064153&elevation=N/A"
242,17.02.2024,13:31,213580.0,376.0,MP3246,Avia Station - Neubiberg D,23.41,6.23,1.5016,35.15,19%,6.68,Diesel,"85 Neubiberg, Germany","https://maps.google.com/?q=48.0747033,11.6714622&elevation=N/A"
255,18.02.2024,08:01,13900.0,-199680.0,MP3246,Agip Station - Muenchen Dp,17.56,-0.01,1.5941,27.99,19%,5.32,Diesel,"Munich, Germany","https://maps.google.com/?q=48.1351253,11.5819806&elevation=N/A"
256,19.02.2024,14:02,214653.0,200753.0,MP3246,Jet Station - München Dp,43.15,0.02,1.4682,63.35,19%,12.04,Diesel,"Munich, Germany","https://maps.google.com/?q=48.1351253,11.5819806&elevation=N/A"
286,03.03.2024,07:54,0.0,0,MP3246,Avia Station - Markt Schwaben D,48.21,0,1.4263,68.76,19%,13.07,Diesel,"85 Markt Schwaben, Germany","https://maps.google.com/?q=48.1909223,11.8630208&elevation=N/A"
287,07.03.2024,07:24,218333.0,218333.0,MP3246,Avia Station - Markt Schwaben D,42.97,0.02,1.4178,60.92,19%,11.58,Diesel,"85 Markt Schwaben, Germany","https://maps.google.com/?q=48.1909223,11.8630208&elevation=N/A"
288,08.03.2024,07:42,218702.0,369.0,MP3246,Omv Station - Poing Dp,22.23,6.02,1.4934,33.2,19%,6.3,Diesel,"85 Poing, Germany","https://maps.google.com/?q=48.1716114,11.8064153&elevation=N/A"
289,09.03.2024,17:15,219092.0,390.0,MP3246,Avia Station - Markt Schwaben D,27.7,7.1,1.4176,39.27,19%,7.46,Diesel,"85 Markt Schwaben, Germany","https://maps.google.com/?q=48.1909223,11.8630208&elevation=N/A"
300,11.03.2024,14:29,219751.0,659.0,MP3246,Avia Station - Markt Schwaben D,39.66,6.02,1.4176,56.22,19%,10.69,Diesel,"85 Markt Schwaben, Germany","https://maps.google.com/?q=48.1909223,11.8630208&elevation=N/A"
301,16.03.2024,21:14,220776.0,1025.0,MP3246,Bk Tankstelle München - Münche D,57.57,5.62,1.4092,81.13,19%,15.41,Diesel,"Baaderstraße 6, 80469 München, Germany","https://maps.google.com/?q=48.13315979999999,11.5810235&elevation=N/A"
342,06.04.2024,17:36,226547.0,5771.0,MP3246,Avia Station - Markt Schwaben D,61.67,1.07,1.4345,88.47,19%,16.81,Diesel,"85 Markt Schwaben, Germany","https://maps.google.com/?q=48.1909223,11.8630208&elevation=N/A"
355,13.04.2024,09:45,227373.0,826.0,MP3246,Jet Station - München Dp,44.01,5.33,1.4513,63.87,19%,12.14,Diesel,"Munich, Germany","https://maps.google.com/?q=48.1351253,11.5819806&elevation=N/A"
367,14.04.2024,05:06,228100.0,727.0,MP3246,Omv Station - Poing Dp,43.88,6.04,1.4092,61.84,19%,11.75,Diesel,"85 Poing, Germany","https://maps.google.com/?q=48.1716114,11.8064153&elevation=N/A"
368,19.04.2024,18:37,228811.0,711.0,MP3246,Avia Station - Markt Schwaben D,38.66,5.44,1.4094,54.49,19%,10.35,Diesel,"85 Markt Schwaben, Germany","https://maps.google.com/?q=48.1909223,11.8630208&elevation=N/A"
392,01.05.2024,19:09,233664.0,4853.0,MP3246,Avia Station - Markt Schwaben D,55.7,1.15,1.4093,78.5,19%,14.91,Diesel,"85 Markt Schwaben, Germany","https://maps.google.com/?q=48.1909223,11.8630208&elevation=N/A"
393,03.05.2024,19:06,234237.0,573.0,MP3246,Avia Station - Markt Schwaben D,33.72,5.88,1.4092,47.52,19%,9.03,Diesel,"85 Markt Schwaben, Germany","https://maps.google.com/?q=48.1909223,11.8630208&elevation=N/A"
394,04.05.2024,20:37,234761.0,524.0,MP3246,Avia Station - Markt Schwaben D,34.51,6.59,1.4094,48.64,19%,9.24,Diesel,"85 Markt Schwaben, Germany","https://maps.google.com/?q=48.1909223,11.8630208&elevation=N/A"
406,05.05.2024,18:58,235313.0,552.0,MP3246,Avia Station - Markt Schwaben D,31.06,5.63,1.4093,43.77,19%,8.32,Diesel,"85 Markt Schwaben, Germany","https://maps.google.com/?q=48.1909223,11.8630208&elevation=N/A"
407,08.05.2024,20:27,236068.0,755.0,MP3246,Avia Station - Neubiberg D,43.25,5.73,1.3926,60.23,19%,11.44,Diesel,"85 Neubiberg, Germany","https://maps.google.com/?q=48.0747033,11.6714622&elevation=N/A"
408,11.05.2024,06:15,236681.0,613.0,MP3246,Avia Station - Markt Schwaben D,46.58,7.6,1.4177,66.04,19%,12.55,Diesel,"85 Markt Schwaben, Germany","https://maps.google.com/?q=48.1909223,11.8630208&elevation=N/A"
416,12.05.2024,20:11,237893.0,1212.0,MP3246,Jet Station - München Dp,58.1,4.79,1.3758,79.93,19%,15.19,Diesel,"Munich, Germany","https://maps.google.com/?q=48.1351253,11.5819806&elevation=N/A"
417,15.05.2024,13:06,238684.0,791.0,MP3246,Avia Station - München D,50.34,6.36,1.3674,68.83,19%,13.08,Diesel,"Munich, Germany","https://maps.google.com/?q=48.1351253,11.5819806&elevation=N/A"
418,18.05.2024,06:22,239331.0,647.0,MP3246,Avia Station - Markt Schwaben D,36.35,5.62,1.384,50.31,19%,9.56,Diesel,"85 Markt Schwaben, Germany","https://maps.google.com/?q=48.1909223,11.8630208&elevation=N/A"
1,19.05.2024,07:54,240129.0,798.0,MP3246,Omv Station - München Dp,44.92,5.63,1.4261,64.06,19%,12.17,Diesel,"Munich, Germany","https://maps.google.com/?q=48.1351253,11.5819806&elevation=N/A"
2,20.05.2024,18:27,241018.0,889.0,MP3246,Avia Station - Markt Schwaben D,52.84,5.94,1.359,71.81,19%,13.64,Diesel,"85 Markt Schwaben, Germany","https://maps.google.com/?q=48.1909223,11.8630208&elevation=N/A"
,,,,649346.0,,,2010.37,4.94,,2878.74,,546.95,,,
,,,,,,,,,,,,,,,
2,07.11.2023,13:05,189620.0,0,MP3246,Avia Station - Markt Schwaben D Ad,9.71,0,0.8984,8.72,19%,1.66,AdBlue,"85 Markt Schwaben, Germany","https://maps.google.com/?q=48.1909223,11.8630208&elevation=N/A"
8,13.01.2024,07:13,204593.0,14973.0,MP3246,Avia Station - Markt Schwaben D Ad,18.67,0.12,0.8982,16.77,19%,3.18,AdBlue,"85 Markt Schwaben, Germany","https://maps.google.com/?q=48.1909223,11.8630208&elevation=N/A"
,,,,14973.0,,,28.38,0.12,,25.49,,4.84,,,
,,,,,,,,,,,,,,,
,,,,,,,,,,,,,,,
19,06.11.2023,07:50,357464.0,0,MCB5046,Jet Station - München Dp,54.94,0,1.5353,84.35,19%,16.03,Diesel,"Munich, Germany","https://maps.google.com/?q=48.1351253,11.5819806&elevation=N/A"
20,07.11.2023,18:27,358244.0,780.0,MCB5046,Omv Station - Hallbergmoos Dp,45.22,5.8,1.5521,70.19,19%,13.33,Diesel,"85 Hallbergmoos, Germany","https://maps.google.com/?q=48.3250947,11.7432155&elevation=N/A"
32,12.11.2023,07:34,358905.0,661.0,MCB5046,Jet Station - Englharting Dp,41.05,6.21,1.4932,61.3,19%,11.64,Diesel,"85614 Kirchseeon-Eglharting, Germany","https://maps.google.com/?q=48.0817552,11.8571603&elevation=N/A"
75,03.12.2023,06:52,0.0,0,MCB5046,Omv Station - Poing Dp,56.88,0,1.5018,85.43,19%,16.23,Diesel,"85 Poing, Germany","https://maps.google.com/?q=48.1716114,11.8064153&elevation=N/A"
76,04.12.2023,07:08,0.0,0,MCB5046,Avia Station - München D,49.49,0,1.5019,74.33,19%,14.12,Diesel,"Munich, Germany","https://maps.google.com/?q=48.1351253,11.5819806&elevation=N/A"
77,05.12.2023,14:51,362995.0,362995.0,MCB5046,Avia Station - Markt Schwaben D,33.79,0.01,1.4682,49.61,19%,9.43,Diesel,"85 Markt Schwaben, Germany","https://maps.google.com/?q=48.1909223,11.8630208&elevation=N/A"
78,09.12.2023,05:15,363800.0,805.0,MCB5046,Jet Station - München Dp,29.79,3.7,1.401,41.74,19%,7.93,Diesel,"Munich, Germany","https://maps.google.com/?q=48.1351253,11.5819806&elevation=N/A"
79,09.12.2023,18:52,364097.0,297.0,MCB5046,Avia Station - Markt Schwaben D,44.0,14.81,1.4598,64.23,19%,12.21,Diesel,"85 Markt Schwaben, Germany","https://maps.google.com/?q=48.1909223,11.8630208&elevation=N/A"
93,10.12.2023,11:19,0.0,0,MCB5046,Agip Station - Muenchen Dp,28.75,0,1.4766,42.45,19%,8.07,Diesel,"Munich, Germany","https://maps.google.com/?q=48.1351253,11.5819806&elevation=N/A"
94,15.12.2023,17:57,11111.0,11111.0,MCB5046,Omv Station - Poing Dp,46.15,0.42,1.4177,65.43,19%,12.43,Diesel,"85 Poing, Germany","https://maps.google.com/?q=48.1716114,11.8064153&elevation=N/A"
108,16.12.2023,13:00,366084.0,354973.0,MCB5046,Agip Station - Muenchen Dp,57.85,0.02,1.5018,86.88,19%,16.5,Diesel,"Munich, Germany","https://maps.google.com/?q=48.1351253,11.5819806&elevation=N/A"
109,17.12.2023,08:30,0.0,0,MCB5046,Agip Station - Fürstenfeldbruc Dp,52.47,0,1.4346,75.27,19%,14.31,Diesel,"82256 Fürstenfeldbruck, Germany","https://maps.google.com/?q=48.1739373,11.2430079&elevation=N/A"
110,19.12.2023,19:15,367500.0,367500.0,MCB5046,Omv Station - Anzing Dp,55.11,0.01,1.4009,77.21,19%,14.66,Diesel,"85 Anzing, Germany","https://maps.google.com/?q=48.1514756,11.8534519&elevation=N/A"
151,05.01.2024,18:55,372416.0,4916.0,MCB5046,Avia Station - Markt Schwaben D,37.19,0.76,1.4008,52.1,19%,9.9,Diesel,"85 Markt Schwaben, Germany","https://maps.google.com/?q=48.1909223,11.8630208&elevation=N/A"
169,07.01.2024,07:58,373000.0,584.0,MCB5046,Jet Station - München Dp,43.17,7.39,1.485,64.11,19%,12.18,Diesel,"Munich, Germany","https://maps.google.com/?q=48.1351253,11.5819806&elevation=N/A"
170,09.01.2024,10:43,373601.0,601.0,MCB5046,Allguth Station - München Dp,34.19,5.69,1.3841,47.32,19%,8.99,Diesel,"Munich, Germany","https://maps.google.com/?q=48.1351253,11.5819806&elevation=N/A"
171,11.01.2024,10:32,374222.0,621.0,MCB5046,Allguth Station - München Dp,41.18,6.63,1.4095,58.04,19%,11.03,Diesel,"Munich, Germany","https://maps.google.com/?q=48.1351253,11.5819806&elevation=N/A"
172,13.01.2024,18:26,374944.0,722.0,MCB5046,Allguth Station - München Dp,48.43,6.71,1.3842,67.04,19%,12.73,Diesel,"Munich, Germany","https://maps.google.com/?q=48.1351253,11.5819806&elevation=N/A"
183,15.01.2024,08:42,375731.0,787.0,MCB5046,Jet Station - München Dp,48.95,6.22,1.4934,73.1,19%,13.89,Diesel,"Munich, Germany","https://maps.google.com/?q=48.1351253,11.5819806&elevation=N/A"
184,16.01.2024,13:06,376324.0,593.0,MCB5046,Jet Station - München Dp,36.16,6.1,1.4092,50.96,19%,9.68,Diesel,"Munich, Germany","https://maps.google.com/?q=48.1351253,11.5819806&elevation=N/A"
185,17.01.2024,17:18,376757.0,433.0,MCB5046,Bk Tankstelle München - Münche D,26.92,6.22,1.3925,37.49,19%,7.12,Diesel,"Baaderstraße 6, 80469 München, Germany","https://maps.google.com/?q=48.13315979999999,11.5810235&elevation=N/A"
186,19.01.2024,10:00,377413.0,656.0,MCB5046,Jet Station - München Dp,41.15,6.27,1.4348,59.04,19%,11.22,Diesel,"Munich, Germany","https://maps.google.com/?q=48.1351253,11.5819806&elevation=N/A"
187,20.01.2024,15:46,378204.0,791.0,MCB5046,Avia Station - Markt Schwaben D,44.63,5.64,1.4008,62.52,19%,11.88,Diesel,"85 Markt Schwaben, Germany","https://maps.google.com/?q=48.1909223,11.8630208&elevation=N/A"
220,02.02.2024,20:12,380811.0,2607.0,MCB5046,Avia Station - Markt Schwaben D,22.23,0.85,1.3758,30.58,19%,5.82,Diesel,"85 Markt Schwaben, Germany","https://maps.google.com/?q=48.1909223,11.8630208&elevation=N/A"
231,04.02.2024,07:26,381580.0,769.0,MCB5046,Avia Station - Markt Schwaben D,45.66,5.94,1.4597,66.65,19%,12.67,Diesel,"85 Markt Schwaben, Germany","https://maps.google.com/?q=48.1909223,11.8630208&elevation=N/A"
232,05.02.2024,06:32,0.0,0,MCB5046,Freie Station - Forstinning D,29.3,0,1.375,40.29,19%,7.65,Diesel,"85 Forstinning, Germany","https://maps.google.com/?q=48.1691796,11.9134729&elevation=N/A"
233,09.02.2024,18:40,382554.0,382554.0,MCB5046,Avia Station - Markt Schwaben D,32.87,0.01,1.4097,46.34,19%,8.8,Diesel,"85 Markt Schwaben, Germany","https://maps.google.com/?q=48.1909223,11.8630208&elevation=N/A"
234,10.02.2024,18:38,382849.0,295.0,MCB5046,Avia Station - Markt Schwaben D,19.55,6.63,1.384,27.06,19%,5.14,Diesel,"85 Markt Schwaben, Germany","https://maps.google.com/?q=48.1909223,11.8630208&elevation=N/A"
243,11.02.2024,18:19,383500.0,651.0,MCB5046,Avia Station - Markt Schwaben D,40.64,6.24,1.3843,56.26,19%,10.69,Diesel,"85 Markt Schwaben, Germany","https://maps.google.com/?q=48.1909223,11.8630208&elevation=N/A"
244,13.02.2024,10:36,383950.0,450.0,MCB5046,Allguth Station - München Dp,28.4,6.31,1.4349,40.75,19%,7.74,Diesel,"Munich, Germany","https://maps.google.com/?q=48.1351253,11.5819806&elevation=N/A"
245,15.02.2024,08:20,384654.0,704.0,MCB5046,Allguth Station - München Dp,47.3,6.72,1.527,72.23,19%,13.72,Diesel,"Munich, Germany","https://maps.google.com/?q=48.1351253,11.5819806&elevation=N/A"
246,16.02.2024,20:42,385309.0,655.0,MCB5046,Jet Station - Pfaffenhofen A.D Dp,41.8,6.38,1.4177,59.26,19%,11.26,Diesel,"85276 Pfaffenhofen an der Ilm, Germany","https://maps.google.com/?q=48.5274509,11.5124179&elevation=N/A"
247,17.02.2024,14:25,385600.0,291.0,MCB5046,Avia Station - München D,25.48,8.76,1.4682,37.41,19%,7.11,Diesel,"Munich, Germany","https://maps.google.com/?q=48.1351253,11.5819806&elevation=N/A"
258,18.02.2024,18:21,386500.0,900.0,MCB5046,Agip Station - Erding D,51.05,5.67,1.4934,76.24,19%,14.48,Diesel,"85435 Erding, Germany","https://maps.google.com/?q=48.3058389,11.9068811&elevation=N/A"
259,20.02.2024,14:18,387093.0,593.0,MCB5046,Allguth Station - München Dp,37.9,6.39,1.4345,54.37,19%,10.33,Diesel,"Munich, Germany","https://maps.google.com/?q=48.1351253,11.5819806&elevation=N/A"
274,02.03.2024,10:13,390400.0,3307.0,MCB5046,Allguth Station - München Dp,23.09,0.7,1.4429,33.32,19%,6.33,Diesel,"Munich, Germany","https://maps.google.com/?q=48.1351253,11.5819806&elevation=N/A"
290,03.03.2024,10:02,43399.0,-347001.0,MCB5046,Agip Station - Muenchen Dp,33.18,-0.01,1.6025,53.17,19%,10.1,Diesel,"Munich, Germany","https://maps.google.com/?q=48.1351253,11.5819806&elevation=N/A"
291,05.03.2024,07:40,391547.0,348148.0,MCB5046,Avia Station - Neubiberg D,39.53,0.01,1.5102,59.7,19%,11.34,Diesel,"85 Neubiberg, Germany","https://maps.google.com/?q=48.0747033,11.6714622&elevation=N/A"
292,06.03.2024,21:00,392131.0,584.0,MCB5046,Avia Station - Neubiberg D,39.59,6.78,1.4514,57.46,19%,10.92,Diesel,"85 Neubiberg, Germany","https://maps.google.com/?q=48.0747033,11.6714622&elevation=N/A"
293,08.03.2024,10:02,392554.0,423.0,MCB5046,Avia Station - Neubiberg D,30.65,7.25,1.4766,45.26,19%,8.6,Diesel,"85 Neubiberg, Germany","https://maps.google.com/?q=48.0747033,11.6714622&elevation=N/A"
313,10.03.2024,09:19,393241.0,687.0,MCB5046,Baywa Station - Eching Dp,50.37,7.33,1.4598,73.53,19%,13.97,Diesel,"85386 Eching, Germany","https://maps.google.com/?q=48.2983793,11.6212063&elevation=N/A"
302,12.03.2024,09:29,393922.0,681.0,MCB5046,Avia Station - Neubiberg D,45.01,6.61,1.4513,65.32,19%,12.41,Diesel,"85 Neubiberg, Germany","https://maps.google.com/?q=48.0747033,11.6714622&elevation=N/A"
303,14.03.2024,08:43,394476.0,554.0,MCB5046,Avia Station - Neubiberg D,38.0,6.86,1.4345,54.51,19%,10.36,Diesel,"85 Neubiberg, Germany","https://maps.google.com/?q=48.0747033,11.6714622&elevation=N/A"
304,15.03.2024,19:37,394985.0,509.0,MCB5046,Allguth Station - München Dp,31.98,6.28,1.4092,45.07,19%,8.56,Diesel,"Munich, Germany","https://maps.google.com/?q=48.1351253,11.5819806&elevation=N/A"
305,16.03.2024,18:57,395361.0,376.0,MCB5046,Allguth Station - Gilching Dp,25.88,6.88,1.4346,37.13,19%,7.05,Diesel,"82205 Gilching, Germany","https://maps.google.com/?q=48.1092285,11.2899694&elevation=N/A"
314,18.03.2024,09:22,396032.0,671.0,MCB5046,Omv Station - Poing Dp,47.1,7.02,1.4176,66.77,19%,12.69,Diesel,"85 Poing, Germany","https://maps.google.com/?q=48.1716114,11.8064153&elevation=N/A"
344,02.04.2024,09:19,400215.0,4183.0,MCB5046,Avia Station - Neubiberg D,40.23,0.96,1.4177,57.04,19%,10.83,Diesel,"85 Neubiberg, Germany","https://maps.google.com/?q=48.0747033,11.6714622&elevation=N/A"
345,04.04.2024,09:03,400814.0,599.0,MCB5046,Hem Station - München Dp,38.78,6.47,1.4345,55.63,19%,10.57,Diesel,"Munich, Germany","https://maps.google.com/?q=48.1351253,11.5819806&elevation=N/A"
346,06.04.2024,08:06,401561.0,747.0,MCB5046,Avia Station - München D,55.78,7.47,1.4513,80.96,19%,15.38,Diesel,"Munich, Germany","https://maps.google.com/?q=48.1351253,11.5819806&elevation=N/A"
356,07.04.2024,08:27,402273.0,712.0,MCB5046,Jet Station - München Dp,45.18,6.35,1.5185,68.61,19%,13.03,Diesel,"Munich, Germany","https://maps.google.com/?q=48.1351253,11.5819806&elevation=N/A"
357,09.04.2024,08:35,402879.0,606.0,MCB5046,Hem Station - München Dp,41.84,6.9,1.4429,60.37,19%,11.47,Diesel,"Munich, Germany","https://maps.google.com/?q=48.1351253,11.5819806&elevation=N/A"
358,11.04.2024,15:06,403419.0,540.0,MCB5046,Hem Station - München Dp,38.86,7.2,1.4343,55.74,19%,10.59,Diesel,"Munich, Germany","https://maps.google.com/?q=48.1351253,11.5819806&elevation=N/A"
369,13.04.2024,09:19,404172.0,753.0,MCB5046,Agip Station - Muenchen Dp,47.0,6.24,1.6276,76.5,19%,14.53,Diesel,"Munich, Germany","https://maps.google.com/?q=48.1351253,11.5819806&elevation=N/A"
370,14.04.2024,10:18,405013.0,841.0,MCB5046,Allguth Station - München Dp,61.94,7.37,1.4513,89.89,19%,17.08,Diesel,"Munich, Germany","https://maps.google.com/?q=48.1351253,11.5819806&elevation=N/A"
371,16.04.2024,18:40,405570.0,557.0,MCB5046,Hem Station - München Dp,38.04,6.83,1.4261,54.25,19%,10.31,Diesel,"Munich, Germany","https://maps.google.com/?q=48.1351253,11.5819806&elevation=N/A"
372,18.04.2024,18:20,405982.0,412.0,MCB5046,Allguth Station - München Dp,34.29,8.32,1.4261,48.9,19%,9.29,Diesel,"Munich, Germany","https://maps.google.com/?q=48.1351253,11.5819806&elevation=N/A"
397,02.05.2024,23:18,408808.0,2826.0,MCB5046,Avia Station - München D,50.63,1.79,1.4009,70.93,19%,13.48,Diesel,"Munich, Germany","https://maps.google.com/?q=48.1351253,11.5819806&elevation=N/A"
398,04.05.2024,17:54,409626.0,818.0,MCB5046,Avia Station - Markt Schwaben D,50.09,6.12,1.4093,70.59,19%,13.42,Diesel,"85 Markt Schwaben, Germany","https://maps.google.com/?q=48.1909223,11.8630208&elevation=N/A"
409,08.05.2024,13:08,410407.0,781.0,MCB5046,Allguth Station - München Dp,52.11,6.67,1.4092,73.44,19%,13.95,Diesel,"Munich, Germany","https://maps.google.com/?q=48.1351253,11.5819806&elevation=N/A"
410,10.05.2024,16:35,411092.0,685.0,MCB5046,Jet Station - München Dp,43.24,6.31,1.4009,60.58,19%,11.51,Diesel,"Munich, Germany","https://maps.google.com/?q=48.1351253,11.5819806&elevation=N/A"
419,12.05.2024,14:46,411834.0,742.0,MCB5046,Avia Station - Neubiberg D,46.12,6.22,1.4345,66.16,19%,12.57,Diesel,"85 Neubiberg, Germany","https://maps.google.com/?q=48.0747033,11.6714622&elevation=N/A"
4,18.05.2024,09:37,412255.0,421.0,MCB5046,Agip Station - Muenchen Dp,43.23,10.27,1.4765,63.83,19%,12.13,Diesel,"Munich, Germany","https://maps.google.com/?q=48.1351253,11.5819806&elevation=N/A"
5,19.05.2024,07:18,413191.0,936.0,MCB5046,Agip Station - Muenchen Dp,44.4,4.74,1.4934,66.31,19%,12.59,Diesel,"Munich, Germany","https://maps.google.com/?q=48.1351253,11.5819806&elevation=N/A"
,,,,1526393.0,,,2595.78,5.54,,3768.55,,715.98,,,
,,,,,,,,,,,,,,,
9,17.01.2024,17:18,376757.0,0,MCB5046,Bk Tankstelle München - Münche D Ad,17.59,0,1.1165,19.64,19%,3.73,AdBlue,"Baaderstraße 6, 80469 München, Germany","https://maps.google.com/?q=48.13315979999999,11.5810235&elevation=N/A"
17,08.04.2024,10:22,402563.0,25806.0,MCB5046,Allguth Station - München Dp Ad,17.8,0.07,1.1503,20.48,19%,3.89,AdBlue,"Munich, Germany","https://maps.google.com/?q=48.1351253,11.5819806&elevation=N/A"
,,,,25806.0,,,35.39,0.07,,40.12,,7.62,,,
,,,,,,,,,,,,,,,
,,,,,,,,,,,,,,,
26,04.11.2023,19:01,121436.0,0,EBEPP48,Esso Station - München D,57.16,0,1.5185,86.8,19%,16.49,Diesel,"Munich, Germany","https://maps.google.com/?q=48.1351253,11.5819806&elevation=N/A"
36,14.11.2023,16:24,122238.0,802.0,EBEPP48,Omv Station - Hallbergmoos Dp,49.15,6.13,1.4934,73.4,19%,13.94,Diesel,"85 Hallbergmoos, Germany","https://maps.google.com/?q=48.3250947,11.7432155&elevation=N/A"
37,16.11.2023,18:51,71185.0,-51053.0,EBEPP48,Jet Station - München Dp,43.91,-0.09,1.4513,63.73,19%,12.11,Diesel,"Munich, Germany","https://maps.google.com/?q=48.1351253,11.5819806&elevation=N/A"
38,17.11.2023,05:25,752.0,-70433.0,EBEPP48,Jet Station - München Dp,27.36,-0.04,1.4513,39.71,19%,7.54,Diesel,"Munich, Germany","https://maps.google.com/?q=48.1351253,11.5819806&elevation=N/A"
50,19.11.2023,04:25,8344.0,7592.0,EBEPP48,Jet Station - München Dp,30.28,0.4,1.4182,42.94,19%,8.16,Diesel,"Munich, Germany","https://maps.google.com/?q=48.1351253,11.5819806&elevation=N/A"
68,01.12.2023,06:04,128075.0,119731.0,EBEPP48,Jet Station - München Dp,57.86,0.05,1.4429,83.49,19%,15.86,Diesel,"Munich, Germany","https://maps.google.com/?q=48.1351253,11.5819806&elevation=N/A"
84,06.12.2023,10:05,128384.0,309.0,EBEPP48,Jet Station - München Dp,25.19,8.15,1.4935,37.62,19%,7.15,Diesel,"Munich, Germany","https://maps.google.com/?q=48.1351253,11.5819806&elevation=N/A"
85,07.12.2023,13:22,128590.0,206.0,EBEPP48,Jet Station - München Dp,15.51,7.53,1.4431,22.38,19%,4.26,Diesel,"Munich, Germany","https://maps.google.com/?q=48.1351253,11.5819806&elevation=N/A"
86,08.12.2023,13:15,129019.0,429.0,EBEPP48,Jet Station - München Dp,30.05,7.0,1.4263,42.86,19%,8.14,Diesel,"Munich, Germany","https://maps.google.com/?q=48.1351253,11.5819806&elevation=N/A"
87,09.12.2023,12:42,129308.0,289.0,EBEPP48,Jet Station - München Dp,19.84,6.87,1.4771,29.31,19%,5.56,Diesel,"Munich, Germany","https://maps.google.com/?q=48.1351253,11.5819806&elevation=N/A"
100,12.12.2023,10:26,130095.0,787.0,EBEPP48,Jet Station - München Dp,53.03,6.74,1.4766,78.3,19%,14.88,Diesel,"Munich, Germany","https://maps.google.com/?q=48.1351253,11.5819806&elevation=N/A"
101,13.12.2023,18:13,130705.0,610.0,EBEPP48,Jet Station - Olching Dp,42.23,6.92,1.4345,60.58,19%,11.51,Diesel,"82 Olching, Germany","https://maps.google.com/?q=48.20706999999999,11.3334755&elevation=N/A"
102,14.12.2023,14:00,131014.0,309.0,EBEPP48,Jet Station - München Dp,20.75,6.72,1.4009,29.07,19%,5.52,Diesel,"Munich, Germany","https://maps.google.com/?q=48.1351253,11.5819806&elevation=N/A"
103,15.12.2023,14:09,131293.0,279.0,EBEPP48,Jet Station - München Dp,21.21,7.6,1.3842,29.36,19%,5.58,Diesel,"Munich, Germany","https://maps.google.com/?q=48.1351253,11.5819806&elevation=N/A"
113,17.12.2023,17:08,131921.0,628.0,EBEPP48,Jet Station - Olching Dp,41.8,6.66,1.4007,58.55,19%,11.12,Diesel,"82 Olching, Germany","https://maps.google.com/?q=48.20706999999999,11.3334755&elevation=N/A"
114,19.12.2023,10:18,132526.0,605.0,EBEPP48,Jet Station - München Dp,37.15,6.14,1.4427,53.6,19%,10.18,Diesel,"Munich, Germany","https://maps.google.com/?q=48.1351253,11.5819806&elevation=N/A"
115,20.12.2023,17:11,133000.0,474.0,EBEPP48,Jet Station - Olching Dp,33.59,7.09,1.3757,46.21,19%,8.78,Diesel,"82 Olching, Germany","https://maps.google.com/?q=48.20706999999999,11.3334755&elevation=N/A"
160,02.01.2024,15:22,136111.0,3111.0,EBEPP48,Avia Station - Neubiberg D,50.43,1.62,1.4429,72.76,19%,13.83,Diesel,"85 Neubiberg, Germany","https://maps.google.com/?q=48.0747033,11.6714622&elevation=N/A"
161,05.01.2024,17:02,136778.0,667.0,EBEPP48,Avia Station - Markt Schwaben D,39.08,5.86,1.401,54.75,19%,10.4,Diesel,"85 Markt Schwaben, Germany","https://maps.google.com/?q=48.1909223,11.8630208&elevation=N/A"
178,08.01.2024,12:31,137568.0,790.0,EBEPP48,Avia Station - Neubiberg D,53.49,6.77,1.5774,84.37,19%,16.04,Diesel,"85 Neubiberg, Germany","https://maps.google.com/?q=48.0747033,11.6714622&elevation=N/A"
179,11.01.2024,14:11,138079.0,511.0,EBEPP48,Avia Station - Markt Schwaben D,32.6,6.38,1.3758,44.85,19%,8.52,Diesel,"85 Markt Schwaben, Germany","https://maps.google.com/?q=48.1909223,11.8630208&elevation=N/A"
180,13.01.2024,18:17,138760.0,681.0,EBEPP48,Avia Station - Markt Schwaben D,40.79,5.99,1.3756,56.11,19%,10.66,Diesel,"85 Markt Schwaben, Germany","https://maps.google.com/?q=48.1909223,11.8630208&elevation=N/A"
196,16.01.2024,11:11,139730.0,970.0,EBEPP48,Esso Station - München D,57.84,5.96,1.3757,79.57,19%,15.12,Diesel,"Munich, Germany","https://maps.google.com/?q=48.1351253,11.5819806&elevation=N/A"
197,20.01.2024,08:37,37790.0,-101940.0,EBEPP48,Avia Station - Markt Schwaben D,46.66,-0.05,1.3589,63.41,19%,12.04,Diesel,"85 Markt Schwaben, Germany","https://maps.google.com/?q=48.1909223,11.8630208&elevation=N/A"
225,03.02.2024,11:35,146500.0,108710.0,EBEPP48,Omv Station - Zorneding Dp,51.62,0.05,1.3841,71.45,19%,13.57,Diesel,"85604 Zorneding, Germany","https://maps.google.com/?q=48.0869599,11.8271085&elevation=N/A"
235,04.02.2024,20:30,147600.0,1100.0,EBEPP48,Jet Station - München Dp,57.13,5.19,1.3925,79.55,19%,15.12,Diesel,"Munich, Germany","https://maps.google.com/?q=48.1351253,11.5819806&elevation=N/A"
236,07.02.2024,19:49,148545.0,945.0,EBEPP48,Jet Station - München Dp,56.16,5.94,1.4345,80.56,19%,15.31,Diesel,"Munich, Germany","https://maps.google.com/?q=48.1351253,11.5819806&elevation=N/A"
237,10.02.2024,15:34,149403.0,858.0,EBEPP48,Bk Tankstelle Neufinsing - Neu D,61.16,7.13,1.4009,85.68,19%,16.28,Diesel,"Münchner Str. 22, 85464 Finsing, Germany","https://maps.google.com/?q=48.2177799,11.7997177&elevation=N/A"
249,12.02.2024,20:03,150199.0,796.0,EBEPP48,Allguth Station - München Dp,48.79,6.13,1.4514,70.82,19%,13.45,Diesel,"Munich, Germany","https://maps.google.com/?q=48.1351253,11.5819806&elevation=N/A"
250,16.02.2024,16:24,151015.0,816.0,EBEPP48,Avia Station - Markt Schwaben D,50.02,6.13,1.4176,70.91,19%,13.47,Diesel,"85 Markt Schwaben, Germany","https://maps.google.com/?q=48.1909223,11.8630208&elevation=N/A"
251,17.02.2024,18:57,151584.0,569.0,EBEPP48,Avia Station - Markt Schwaben D,42.73,7.51,1.4345,61.29,19%,11.65,Diesel,"85 Markt Schwaben, Germany","https://maps.google.com/?q=48.1909223,11.8630208&elevation=N/A"
261,19.02.2024,09:36,152476.0,892.0,EBEPP48,Avia Station - München D,49.97,5.6,1.4768,73.8,19%,14.02,Diesel,"Munich, Germany","https://maps.google.com/?q=48.1351253,11.5819806&elevation=N/A"
280,02.03.2024,18:17,156061.0,3585.0,EBEPP48,Avia Station - Markt Schwaben D,27.15,0.76,1.4261,38.72,19%,7.36,Diesel,"85 Markt Schwaben, Germany","https://maps.google.com/?q=48.1909223,11.8630208&elevation=N/A"
294,04.03.2024,19:58,157128.0,1067.0,EBEPP48,Jet Station - München Dp,59.98,5.62,1.4598,87.56,19%,16.64,Diesel,"Munich, Germany","https://maps.google.com/?q=48.1351253,11.5819806&elevation=N/A"
295,07.03.2024,19:45,158069.0,941.0,EBEPP48,Agip Station - Aschheim Dp,53.4,5.67,1.4598,77.96,19%,14.81,Diesel,"85609 Aschheim, Germany","https://maps.google.com/?q=48.1723102,11.7159097&elevation=N/A"
296,09.03.2024,18:50,158763.0,694.0,EBEPP48,Avia Station - Markt Schwaben D,35.33,5.09,1.4181,50.1,19%,9.52,Diesel,"85 Markt Schwaben, Germany","https://maps.google.com/?q=48.1909223,11.8630208&elevation=N/A"
306,11.03.2024,12:34,159559.0,796.0,EBEPP48,Avia Station - München D,57.61,7.24,1.4682,84.59,19%,16.07,Diesel,"Munich, Germany","https://maps.google.com/?q=48.1351253,11.5819806&elevation=N/A"
307,14.03.2024,19:13,160207.0,648.0,EBEPP48,Avia Station - München D,46.94,7.24,1.4093,66.15,19%,12.57,Diesel,"Munich, Germany","https://maps.google.com/?q=48.1351253,11.5819806&elevation=N/A"
308,16.03.2024,17:12,161045.0,838.0,EBEPP48,Avia Station - Markt Schwaben D,49.44,5.9,1.4177,70.09,19%,13.32,Diesel,"85 Markt Schwaben, Germany","https://maps.google.com/?q=48.1909223,11.8630208&elevation=N/A"
319,18.03.2024,19:56,162024.0,979.0,EBEPP48,Allguth Station - München Dp,47.1,4.81,1.443,67.97,19%,12.91,Diesel,"Munich, Germany","https://maps.google.com/?q=48.1351253,11.5819806&elevation=N/A"
349,04.04.2024,17:56,167933.0,5909.0,EBEPP48,Avia Station - München D,48.56,0.82,1.4261,69.25,19%,13.16,Diesel,"Munich, Germany","https://maps.google.com/?q=48.1351253,11.5819806&elevation=N/A"
350,05.04.2024,19:02,168312.0,379.0,EBEPP48,Avia Station - Markt Schwaben D,17.17,4.53,1.4093,24.2,19%,4.6,Diesel,"85 Markt Schwaben, Germany","https://maps.google.com/?q=48.1909223,11.8630208&elevation=N/A"
351,06.04.2024,08:59,168640.0,328.0,EBEPP48,Avia Station - Markt Schwaben D,25.78,7.86,1.4092,36.33,19%,6.9,Diesel,"85 Markt Schwaben, Germany","https://maps.google.com/?q=48.1909223,11.8630208&elevation=N/A"
360,07.04.2024,11:45,169471.0,831.0,EBEPP48,Avia Station - München D,50.46,6.07,1.4262,71.97,19%,13.67,Diesel,"Munich, Germany","https://maps.google.com/?q=48.1351253,11.5819806&elevation=N/A"
361,10.04.2024,13:49,170415.0,944.0,EBEPP48,Omv Station - Hallbergmoos Dp,58.12,6.16,1.4513,84.35,19%,16.03,Diesel,"85 Hallbergmoos, Germany","https://maps.google.com/?q=48.3250947,11.7432155&elevation=N/A"
373,12.04.2024,18:59,171098.0,683.0,EBEPP48,Avia Station - Markt Schwaben D,40.37,5.91,1.4092,56.89,19%,10.81,Diesel,"85 Markt Schwaben, Germany","https://maps.google.com/?q=48.1909223,11.8630208&elevation=N/A"
362,13.04.2024,18:07,171838.0,740.0,EBEPP48,Avia Station - Markt Schwaben D,41.28,5.58,1.4093,58.18,19%,11.05,Diesel,"85 Markt Schwaben, Germany","https://maps.google.com/?q=48.1909223,11.8630208&elevation=N/A"
374,15.04.2024,19:30,172833.0,995.0,EBEPP48,Jet Station - München Dp,59.96,6.03,1.4513,87.02,19%,16.54,Diesel,"Munich, Germany","https://maps.google.com/?q=48.1351253,11.5819806&elevation=N/A"
375,18.04.2024,15:00,173559.0,726.0,EBEPP48,Jet Station - München Dp,46.36,6.39,1.3924,64.55,19%,12.27,Diesel,"Munich, Germany","https://maps.google.com/?q=48.1351253,11.5819806&elevation=N/A"
376,20.04.2024,19:22,174253.0,694.0,EBEPP48,Avia Station - Markt Schwaben D,39.64,5.71,1.4093,55.87,19%,10.61,Diesel,"85 Markt Schwaben, Germany","https://maps.google.com/?q=48.1909223,11.8630208&elevation=N/A"
399,01.05.2024,17:19,178012.0,3759.0,EBEPP48,Jet Station - Feldkirchen Dp Diesel,3.27,0.09,1.4266,4.66,19%,0.89,Diesel, , 
400,01.05.2024,17:24,178012.0,0.0,EBEPP48,Jet Station - Feldkirchen Dp Diesel,49.47,0,1.4261,70.55,19%,13.4,Diesel, , 
401,03.05.2024,18:55,178618.0,606.0,EBEPP48,Avia Station - Markt Schwaben D,36.71,6.06,1.4092,51.73,19%,9.83,Diesel,"85 Markt Schwaben, Germany","https://maps.google.com/?q=48.1909223,11.8630208&elevation=N/A"
411,05.05.2024,11:44,180009.0,1391.0,EBEPP48,Jet Station - München Dp,59.49,4.28,1.3672,81.34,19%,15.45,Diesel,"Munich, Germany","https://maps.google.com/?q=48.1351253,11.5819806&elevation=N/A"
412,10.05.2024,17:59,180663.0,654.0,EBEPP48,Avia Station - Markt Schwaben D,38.93,5.95,1.3924,54.21,19%,10.3,Diesel,"85 Markt Schwaben, Germany","https://maps.google.com/?q=48.1909223,11.8630208&elevation=N/A"
413,11.05.2024,18:34,181206.0,543.0,EBEPP48,Avia Station - Markt Schwaben D,35.65,6.57,1.3925,49.64,19%,9.44,Diesel,"85 Markt Schwaben, Germany","https://maps.google.com/?q=48.1909223,11.8630208&elevation=N/A"
421,17.05.2024,18:37,181947.0,741.0,EBEPP48,Avia Station - Markt Schwaben D,44.39,5.99,1.3587,60.31,19%,11.46,Diesel,"85 Markt Schwaben, Germany","https://maps.google.com/?q=48.1909223,11.8630208&elevation=N/A"
8,19.05.2024,11:05,182677.0,730.0,EBEPP48,Jet Station - München Dp,47.94,6.57,1.3674,65.55,19%,12.46,Diesel,"Munich, Germany","https://maps.google.com/?q=48.1351253,11.5819806&elevation=N/A"
,,,,61241.0,,,2465.04,5.53,,3517.53,,668.33,,,
,,,,,,,,,,,,,,,
7,05.01.2024,17:02,136778.0,0,EBEPP48,Avia Station - Markt Schwaben D Ad,17.28,0,0.8981,15.52,19%,2.95,AdBlue,"85 Markt Schwaben, Germany","https://maps.google.com/?q=48.1909223,11.8630208&elevation=N/A"
11,12.02.2024,20:03,150199.0,13421.0,EBEPP48,Allguth Station - München Dp Ad,17.86,0.13,1.1503,20.54,19%,3.91,AdBlue,"Munich, Germany","https://maps.google.com/?q=48.1351253,11.5819806&elevation=N/A"
,,,,13421.0,,,35.14,0.13,,36.06,,6.86,,,
,,,,,,,,,,,,,,,
,,,,,,,,,,,,,,,
27,05.11.2023,09:13,331023.0,0,MCB5047,Agip Station - Muenchen Dp,31.73,0,1.6365,51.93,19%,9.86,Diesel,"Munich, Germany","https://maps.google.com/?q=48.1351253,11.5819806&elevation=N/A"
39,11.11.2023,14:13,331777.0,754.0,MCB5047,Agip Station - München Dp,50.67,6.72,1.5103,76.53,19%,14.54,Diesel,"Munich, Germany","https://maps.google.com/?q=48.1351253,11.5819806&elevation=N/A"
40,12.11.2023,19:54,332569.0,792.0,MCB5047,Jet Station - München Dp,49.17,6.21,1.5018,73.85,19%,14.03,Diesel,"Munich, Germany","https://maps.google.com/?q=48.1351253,11.5819806&elevation=N/A"
41,15.11.2023,14:07,333535.0,966.0,MCB5047,Omv Station - Hallbergmoos Dp,58.05,6.01,1.5353,89.12,19%,16.94,Diesel,"85 Hallbergmoos, Germany","https://maps.google.com/?q=48.3250947,11.7432155&elevation=N/A"
56,19.11.2023,12:23,334515.0,980.0,MCB5047,Jet Station - München Dp,56.33,5.75,1.4261,80.33,19%,15.27,Diesel,"Munich, Germany","https://maps.google.com/?q=48.1351253,11.5819806&elevation=N/A"
89,03.12.2023,11:50,339006.0,4491.0,MCB5047,Omv Station - Hallbergmoos Dp,46.58,1.04,1.4766,68.78,19%,13.07,Diesel,"85 Hallbergmoos, Germany","https://maps.google.com/?q=48.3250947,11.7432155&elevation=N/A"
90,05.12.2023,20:20,339736.0,730.0,MCB5047,Jet Station - München Dp,51.21,7.02,1.4009,71.74,19%,13.63,Diesel,"Munich, Germany","https://maps.google.com/?q=48.1351253,11.5819806&elevation=N/A"
91,09.12.2023,09:09,340524.0,788.0,MCB5047,Avia Station - Markt Schwaben D,49.15,6.24,1.4262,70.1,19%,13.32,Diesel,"85 Markt Schwaben, Germany","https://maps.google.com/?q=48.1909223,11.8630208&elevation=N/A"
104,10.12.2023,09:33,341361.0,837.0,MCB5047,Jet Station - München Dp,49.05,5.86,1.4766,72.43,19%,13.76,Diesel,"Munich, Germany","https://maps.google.com/?q=48.1351253,11.5819806&elevation=N/A"
105,12.12.2023,14:39,341905.0,544.0,MCB5047,Avia Station - Neubiberg D,31.53,5.8,1.4434,45.51,19%,8.65,Diesel,"85 Neubiberg, Germany","https://maps.google.com/?q=48.0747033,11.6714622&elevation=N/A"
106,16.12.2023,05:47,342550.0,645.0,MCB5047,Allguth Station - München Dp,39.43,6.11,1.3674,53.92,19%,10.24,Diesel,"Munich, Germany","https://maps.google.com/?q=48.1351253,11.5819806&elevation=N/A"
117,17.12.2023,12:33,343220.0,670.0,MCB5047,Jet Station - München Dp,41.65,6.22,1.4263,59.41,19%,11.28,Diesel,"Munich, Germany","https://maps.google.com/?q=48.1351253,11.5819806&elevation=N/A"
162,04.01.2024,00:45,345633.0,2413.0,MCB5047,Jet Station - München Dp,59.59,2.47,1.3756,81.97,19%,15.58,Diesel,"Munich, Germany","https://maps.google.com/?q=48.1351253,11.5819806&elevation=N/A"
163,05.01.2024,17:08,346127.0,494.0,MCB5047,Jet Station - Feldkirchen Dp Diesel,36.08,7.3,1.3758,49.64,19%,9.43,Diesel, , 
181,06.01.2024,16:29,346598.0,471.0,MCB5047,Agip Station - München Dp,54.72,11.62,1.4345,78.49,19%,14.92,Diesel,"Munich, Germany","https://maps.google.com/?q=48.1351253,11.5819806&elevation=N/A"
182,07.01.2024,17:28,347139.0,541.0,MCB5047,Omv Station - Kirchheim Dp,51.0,9.43,1.4179,72.31,19%,13.74,Diesel,"73 Kirchheim unter Teck, Germany","https://maps.google.com/?q=48.6471033,9.4519635&elevation=N/A"
199,18.01.2024,09:43,347889.0,750.0,MCB5047,Esso Station - München D,54.02,7.2,1.4513,78.4,19%,14.9,Diesel,"Munich, Germany","https://maps.google.com/?q=48.1351253,11.5819806&elevation=N/A"
200,20.01.2024,07:07,0.0,0,MCB5047,Avia Station - München D,44.33,0,1.4849,65.82,19%,12.51,Diesel,"Munich, Germany","https://maps.google.com/?q=48.1351253,11.5819806&elevation=N/A"
227,03.02.2024,06:46,322300.0,322300.0,MCB5047,Avia Station - Markt Schwaben D,22.46,0.01,1.3759,30.9,19%,5.87,Diesel,"85 Markt Schwaben, Germany","https://maps.google.com/?q=48.1909223,11.8630208&elevation=N/A"
238,04.02.2024,10:51,353275.0,30975.0,MCB5047,Jet Station - München Dp,64.08,0.21,1.4177,90.85,19%,17.26,Diesel,"Munich, Germany","https://maps.google.com/?q=48.1351253,11.5819806&elevation=N/A"
239,08.02.2024,13:33,354052.0,777.0,MCB5047,Omv Station - Hallbergmoos Dp,45.05,5.8,1.4597,65.76,19%,12.49,Diesel,"85 Hallbergmoos, Germany","https://maps.google.com/?q=48.3250947,11.7432155&elevation=N/A"
240,10.02.2024,18:13,354735.0,683.0,MCB5047,Avia Station - Markt Schwaben D,42.88,6.28,1.3841,59.35,19%,11.28,Diesel,"85 Markt Schwaben, Germany","https://maps.google.com/?q=48.1909223,11.8630208&elevation=N/A"
253,11.02.2024,18:09,355391.0,656.0,MCB5047,Omv Station - Hallbergmoos Dp,41.17,6.28,1.4598,60.1,19%,11.42,Diesel,"85 Hallbergmoos, Germany","https://maps.google.com/?q=48.3250947,11.7432155&elevation=N/A"
254,16.02.2024,12:33,356329.0,938.0,MCB5047,Jet Station - München Dp,58.51,6.24,1.485,86.88,19%,16.51,Diesel,"Munich, Germany","https://maps.google.com/?q=48.1351253,11.5819806&elevation=N/A"
263,18.02.2024,09:49,0.0,0,MCB5047,Allguth Station - München Dp,54.28,0,1.5102,81.97,19%,15.58,Diesel,"Munich, Germany","https://maps.google.com/?q=48.1351253,11.5819806&elevation=N/A"
285,02.03.2024,13:49,361175.0,361175.0,MCB5047,Jet Station - München Dp,55.17,0.02,1.4681,80.99,19%,15.39,Diesel,"Munich, Germany","https://maps.google.com/?q=48.1351253,11.5819806&elevation=N/A"
297,03.03.2024,20:45,362172.0,997.0,MCB5047,Jet Station - München Dp,58.92,5.91,1.4766,87.0,19%,16.53,Diesel,"Munich, Germany","https://maps.google.com/?q=48.1351253,11.5819806&elevation=N/A"
298,08.03.2024,22:34,363027.0,855.0,MCB5047,Omv Station - Poing Dp,51.08,5.97,1.4175,72.4,19%,13.76,Diesel,"85 Poing, Germany","https://maps.google.com/?q=48.1716114,11.8064153&elevation=N/A"
299,09.03.2024,18:27,363628.0,601.0,MCB5047,Avia Station - Markt Schwaben D,38.61,6.42,1.4177,54.74,19%,10.4,Diesel,"85 Markt Schwaben, Germany","https://maps.google.com/?q=48.1909223,11.8630208&elevation=N/A"
310,11.03.2024,08:53,364418.0,790.0,MCB5047,Jet Station - München Dp,45.28,5.73,1.4346,64.96,19%,12.34,Diesel,"Munich, Germany","https://maps.google.com/?q=48.1351253,11.5819806&elevation=N/A"
363,16.03.2024,08:57,365158.0,740.0,MCB5047,Agip Station - Planegg Dp,45.87,6.2,1.4261,65.42,19%,12.43,Diesel,"82 Planegg, Germany","https://maps.google.com/?q=48.1068217,11.4242653&elevation=N/A"
322,17.03.2024,11:51,365873.0,715.0,MCB5047,Jet Station - München Dp,42.16,5.9,1.4093,59.42,19%,11.29,Diesel,"Munich, Germany","https://maps.google.com/?q=48.1351253,11.5819806&elevation=N/A"
354,03.04.2024,18:02,370794.0,4921.0,MCB5047,Avia Station - Markt Schwaben D,20.02,0.41,1.4092,28.21,19%,5.36,Diesel,"85 Markt Schwaben, Germany","https://maps.google.com/?q=48.1909223,11.8630208&elevation=N/A"
364,06.04.2024,07:08,371452.0,658.0,MCB5047,Esso Station - München D,43.05,6.54,1.5438,66.46,19%,12.63,Diesel,"Munich, Germany","https://maps.google.com/?q=48.1351253,11.5819806&elevation=N/A"
365,07.04.2024,07:33,372110.0,658.0,MCB5047,Omv Station - Poing Dp,43.5,6.61,1.5355,66.79,19%,12.69,Diesel,"85 Poing, Germany","https://maps.google.com/?q=48.1716114,11.8064153&elevation=N/A"
378,12.04.2024,14:23,372477.0,367.0,MCB5047,Avia Station - Neubiberg D,24.46,6.66,1.4346,35.09,19%,6.67,Diesel,"85 Neubiberg, Germany","https://maps.google.com/?q=48.0747033,11.6714622&elevation=N/A"
366,13.04.2024,17:24,373187.0,710.0,MCB5047,Avia Station - Markt Schwaben D,46.51,6.55,1.4094,65.55,19%,12.46,Diesel,"85 Markt Schwaben, Germany","https://maps.google.com/?q=48.1909223,11.8630208&elevation=N/A"
379,14.04.2024,17:42,373886.0,699.0,MCB5047,Avia Station - Markt Schwaben D,33.17,4.75,1.4345,47.58,19%,9.04,Diesel,"85 Markt Schwaben, Germany","https://maps.google.com/?q=48.1909223,11.8630208&elevation=N/A"
380,20.04.2024,06:36,374482.0,596.0,MCB5047,Avia Station - Markt Schwaben D,40.17,6.74,1.4347,57.63,19%,10.95,Diesel,"85 Markt Schwaben, Germany","https://maps.google.com/?q=48.1909223,11.8630208&elevation=N/A"
404,01.05.2024,08:52,377232.0,2750.0,MCB5047,Avia Station - Markt Schwaben D,38.24,1.39,1.4094,53.9,19%,10.24,Diesel,"85 Markt Schwaben, Germany","https://maps.google.com/?q=48.1909223,11.8630208&elevation=N/A"
405,04.05.2024,16:06,378024.0,792.0,MCB5047,Avia Station - München D,50.32,6.35,1.4093,70.92,19%,13.47,Diesel,"Munich, Germany","https://maps.google.com/?q=48.1351253,11.5819806&elevation=N/A"
415,08.05.2024,17:37,378730.0,706.0,MCB5047,Avia Station - Markt Schwaben D,45.99,6.51,1.3926,64.05,19%,12.16,Diesel,"85 Markt Schwaben, Germany","https://maps.google.com/?q=48.1909223,11.8630208&elevation=N/A"
422,11.05.2024,07:46,379590.0,860.0,MCB5047,Jet Station - München Dp,51.82,6.03,1.4092,73.03,19%,13.87,Diesel,"Munich, Germany","https://maps.google.com/?q=48.1351253,11.5819806&elevation=N/A"
423,12.05.2024,07:41,0.0,0,MCB5047,Agip Station - Muenchen Dp,47.16,0,1.4934,70.43,19%,13.38,Diesel,"Munich, Germany","https://maps.google.com/?q=48.1351253,11.5819806&elevation=N/A"
12,19.05.2024,07:14,381430.0,381430.0,MCB5047,Avia Station - Neubiberg D,59.36,0.02,1.4345,85.15,19%,16.18,Diesel,"85 Neubiberg, Germany","https://maps.google.com/?q=48.0747033,11.6714622&elevation=N/A"
13,19.05.2024,18:36,381780.0,350.0,MCB5047,Avia Station - Markt Schwaben D,23.81,6.8,1.359,32.36,19%,6.15,Diesel,"85 Markt Schwaben, Germany","https://maps.google.com/?q=48.1909223,11.8630208&elevation=N/A"
,,,,1134565.0,,,2087.39,5.41,,3018.17,,573.47,,,
,,,,,,,,,,,,,,,
10,03.02.2024,06:46,322300.0,0,MCB5047,Avia Station - Markt Schwaben D Ad,17.19,0,0.8982,15.44,19%,2.93,AdBlue,"85 Markt Schwaben, Germany","https://maps.google.com/?q=48.1909223,11.8630208&elevation=N/A"
1,19.05.2024,18:36,381780.0,59480.0,MCB5047,Avia Station - Markt Schwaben D Ad,17.6,0.03,0.8982,15.81,19%,3.0,AdBlue,"85 Markt Schwaben, Germany","https://maps.google.com/?q=48.1909223,11.8630208&elevation=N/A"
,,,,59480.0,,,34.79,0.03,,31.25,,5.93,,,
,,,,,,,,,,,,,,,
,,,,,,,,,,,,,,,
18,11.11.2023,17:18,397747.0,0,MP7950,Omv Station - Poing Dp,23.94,0,1.5099,36.15,19%,6.87,Diesel,"85 Poing, Germany","https://maps.google.com/?q=48.1716114,11.8064153&elevation=N/A"
31,12.11.2023,20:47,398540.0,793.0,MP7950,Jet Station - München Dp,49.42,6.23,1.485,73.39,19%,13.94,Diesel,"Munich, Germany","https://maps.google.com/?q=48.1351253,11.5819806&elevation=N/A"
44,19.11.2023,06:54,399150.0,610.0,MP7950,Allguth Station - München Dp,39.47,6.47,1.468,57.94,19%,11.01,Diesel,"Munich, Germany","https://maps.google.com/?q=48.1351253,11.5819806&elevation=N/A"
61,02.12.2023,15:05,399678.0,528.0,MP7950,Avia Station - Neubiberg D,36.37,6.89,1.4849,54.0,19%,10.27,Diesel,"85 Neubiberg, Germany","https://maps.google.com/?q=48.0747033,11.6714622&elevation=N/A"
74,09.12.2023,19:53,401089.0,1411.0,MP7950,Avia Station - Markt Schwaben D,31.39,2.22,1.4431,45.3,19%,8.61,Diesel,"85 Markt Schwaben, Germany","https://maps.google.com/?q=48.1909223,11.8630208&elevation=N/A"
,,,,3342.0,,,180.59,5.45,,266.78,,50.7,,,
,,,,,,,,,,,,,,,
,,,,,,,,,,,,,,,
21,11.11.2023,17:59,241749.0,0,MCB5146,Avia Station - Markt Schwaben D,46.36,0,1.5103,70.02,19%,13.3,Diesel,"85 Markt Schwaben, Germany","https://maps.google.com/?q=48.1909223,11.8630208&elevation=N/A"
35,17.11.2023,18:36,242612.0,863.0,MCB5146,Avia Station - Markt Schwaben D,51.53,5.97,1.4682,75.65,19%,14.38,Diesel,"85 Markt Schwaben, Germany","https://maps.google.com/?q=48.1909223,11.8630208&elevation=N/A"
48,18.11.2023,16:58,243497.0,885.0,MCB5146,Agip Station - Erding D,59.51,6.72,1.5101,89.87,19%,17.07,Diesel,"85435 Erding, Germany","https://maps.google.com/?q=48.3058389,11.9068811&elevation=N/A"
49,19.11.2023,18:35,244345.0,848.0,MCB5146,Avia Station - Markt Schwaben D,52.52,6.19,1.4597,76.67,19%,14.56,Diesel,"85 Markt Schwaben, Germany","https://maps.google.com/?q=48.1909223,11.8630208&elevation=N/A"
82,03.12.2023,11:07,245830.0,1485.0,MCB5146,Jet Station - Rosenheim Dp,45.31,3.05,1.4261,64.61,19%,12.28,Diesel,"83 Rosenheim, Germany","https://maps.google.com/?q=47.8571272,12.1181047&elevation=N/A"
83,08.12.2023,19:02,246445.0,615.0,MCB5146,Avia Station - Markt Schwaben D,33.91,5.51,1.4511,49.21,19%,9.35,Diesel,"85 Markt Schwaben, Germany","https://maps.google.com/?q=48.1909223,11.8630208&elevation=N/A"
97,10.12.2023,07:07,247126.0,681.0,MCB5146,Jet Station - München Dp,45.36,6.66,1.4515,65.84,19%,12.51,Diesel,"Munich, Germany","https://maps.google.com/?q=48.1351253,11.5819806&elevation=N/A"
98,13.12.2023,17:13,247898.0,772.0,MCB5146,Jet Station - München Dp,55.11,7.14,1.3758,75.82,19%,14.41,Diesel,"Munich, Germany","https://maps.google.com/?q=48.1351253,11.5819806&elevation=N/A"
99,16.12.2023,16:42,248522.0,624.0,MCB5146,Allguth Station - München Dp,41.67,6.68,1.3928,58.04,19%,11.02,Diesel,"Munich, Germany","https://maps.google.com/?q=48.1351253,11.5819806&elevation=N/A"
112,18.12.2023,11:53,249377.0,855.0,MCB5146,Allguth Station - München Dp,52.57,6.15,1.3757,72.32,19%,13.74,Diesel,"Munich, Germany","https://maps.google.com/?q=48.1351253,11.5819806&elevation=N/A"
188,13.01.2024,13:11,254413.0,5036.0,MCB5146,Jet Station - München Dp,57.26,1.14,1.4429,82.62,19%,15.7,Diesel,"Munich, Germany","https://maps.google.com/?q=48.1351253,11.5819806&elevation=N/A"
189,14.01.2024,09:50,0.0,0,MCB5146,Avia Station - München D,35.12,0,1.4597,51.26,19%,9.74,Diesel,"Munich, Germany","https://maps.google.com/?q=48.1351253,11.5819806&elevation=N/A"
190,15.01.2024,08:36,255539.0,255539.0,MCB5146,Esso Station - München D,29.32,0.01,1.401,41.08,19%,7.8,Diesel,"Munich, Germany","https://maps.google.com/?q=48.1351253,11.5819806&elevation=N/A"
,,,,268203.0,,,605.55,5.02,,873.01,,165.86,,,
,,,,,,,,,,,,,,,
,,,,,,,,,,,,,,,
22,05.11.2023,20:35,470994.0,0,MEO2440,Omv Station - Hallbergmoos Dp,62.51,0,1.5691,98.08,19%,18.64,Diesel,"85 Hallbergmoos, Germany","https://maps.google.com/?q=48.3250947,11.7432155&elevation=N/A"
23,07.11.2023,11:11,471456.0,462.0,MEO2440,Avia Station - München D,45.16,9.77,1.5187,68.58,19%,13.03,Diesel,"Munich, Germany","https://maps.google.com/?q=48.1351253,11.5819806&elevation=N/A"
24,08.11.2023,20:09,472125.0,669.0,MEO2440,Hem Station - München Dp,60.5,9.04,1.5437,93.39,19%,17.75,Diesel,"Munich, Germany","https://maps.google.com/?q=48.1351253,11.5819806&elevation=N/A"
25,10.11.2023,20:15,472571.0,446.0,MEO2440,Allguth Station - München Dp,36.98,8.29,1.5187,56.16,19%,10.67,Diesel,"Munich, Germany","https://maps.google.com/?q=48.1351253,11.5819806&elevation=N/A"
157,02.01.2024,08:40,478102.0,5531.0,MEO2440,Omv Station - Hallbergmoos Dp,16.65,0.3,1.443,24.03,19%,4.56,Diesel,"85 Hallbergmoos, Germany","https://maps.google.com/?q=48.3250947,11.7432155&elevation=N/A"
158,03.01.2024,12:10,478756.0,654.0,MEO2440,Avia Station - München D,51.39,7.86,1.3842,71.13,19%,13.52,Diesel,"Munich, Germany","https://maps.google.com/?q=48.1351253,11.5819806&elevation=N/A"
159,04.01.2024,13:09,479313.0,557.0,MEO2440,Jet Station - München Dp,45.64,8.19,1.4008,63.93,19%,12.15,Diesel,"Munich, Germany","https://maps.google.com/?q=48.1351253,11.5819806&elevation=N/A"
174,07.01.2024,09:07,479920.0,607.0,MEO2440,Avia Station - Markt Schwaben D,52.47,8.64,1.401,73.51,19%,13.97,Diesel,"85 Markt Schwaben, Germany","https://maps.google.com/?q=48.1909223,11.8630208&elevation=N/A"
175,08.01.2024,19:02,480447.0,527.0,MEO2440,Avia Station - München D,49.3,9.35,1.3672,67.4,19%,12.81,Diesel,"Munich, Germany","https://maps.google.com/?q=48.1351253,11.5819806&elevation=N/A"
176,10.01.2024,11:31,480975.0,528.0,MEO2440,Avia Station - München D,50.91,9.64,1.384,70.46,19%,13.38,Diesel,"Munich, Germany","https://maps.google.com/?q=48.1351253,11.5819806&elevation=N/A"
177,12.01.2024,21:17,481607.0,632.0,MEO2440,Omv Station - München Dp,61.42,9.72,1.3842,85.02,19%,16.15,Diesel,"Munich, Germany","https://maps.google.com/?q=48.1351253,11.5819806&elevation=N/A"
191,14.01.2024,01:30,482175.0,568.0,MEO2440,Omv Station - München Dp Premium,63.98,11.26,1.6463,105.33,19%,20.01,Diesel,"Munich, Germany","https://maps.google.com/?q=48.1351253,11.5819806&elevation=N/A"
192,14.01.2024,14:09,482456.0,281.0,MEO2440,Omv Station - Hallbergmoos Dp,28.01,9.97,1.3929,39.01,19%,7.42,Diesel,"85 Hallbergmoos, Germany","https://maps.google.com/?q=48.3250947,11.7432155&elevation=N/A"
193,15.01.2024,09:01,483097.0,641.0,MEO2440,Allguth Station - München Dp,51.12,7.98,1.4009,71.62,19%,13.6,Diesel,"Munich, Germany","https://maps.google.com/?q=48.1351253,11.5819806&elevation=N/A"
194,16.01.2024,20:13,483766.0,669.0,MEO2440,Jet Station - München Dp,64.15,9.59,1.3591,87.18,19%,16.57,Diesel,"Munich, Germany","https://maps.google.com/?q=48.1351253,11.5819806&elevation=N/A"
195,19.01.2024,22:20,484405.0,639.0,MEO2440,Jet Station - München Dp,60.12,9.41,1.3925,83.72,19%,15.9,Diesel,"Munich, Germany","https://maps.google.com/?q=48.1351253,11.5819806&elevation=N/A"
207,20.01.2024,20:58,484762.0,357.0,MEO2440,Agip Station - Germering Dp,36.97,10.36,1.4261,52.72,19%,10.02,Diesel,"82110 Germering, Germany","https://maps.google.com/?q=48.13518089999999,11.3690889&elevation=N/A"
,,,,13768.0,,,837.28,8.71,,1211.27,,230.15,,,
,,,,,,,,,,,,,,,
,,,,,,,,,,,,,,,
33,13.11.2023,08:03,4544.0,0,EBEP5045,Avia Station - Markt Schwaben D,65.42,0,1.5103,98.8,19%,18.77,Diesel,"85 Markt Schwaben, Germany","https://maps.google.com/?q=48.1909223,11.8630208&elevation=N/A"
34,15.11.2023,20:04,226449.0,221905.0,EBEP5045,Jet Station - München Dp,56.74,0.03,1.4934,84.73,19%,16.1,Diesel,"Munich, Germany","https://maps.google.com/?q=48.1351253,11.5819806&elevation=N/A"
80,03.12.2023,11:39,4544.0,-221905.0,EBEP5045,Bk Tankstelle München - Münche D,65.0,-0.03,1.4431,93.8,19%,17.82,Diesel,"Baaderstraße 6, 80469 München, Germany","https://maps.google.com/?q=48.13315979999999,11.5810235&elevation=N/A"
81,05.12.2023,13:08,4544.0,0.0,EBEP5045,Bk Tankstelle München - Münche D,54.97,0,1.4345,78.85,19%,14.98,Diesel,"Baaderstraße 6, 80469 München, Germany","https://maps.google.com/?q=48.13315979999999,11.5810235&elevation=N/A"
95,10.12.2023,09:32,4544.0,0.0,EBEP5045,Jet Station - Englharting Dp,38.07,0,1.4682,55.9,19%,10.62,Diesel,"85614 Kirchseeon-Eglharting, Germany","https://maps.google.com/?q=48.0817552,11.8571603&elevation=N/A"
96,15.12.2023,20:10,4544.0,0.0,EBEP5045,Avia Station - Markt Schwaben D,43.87,0,1.4094,61.83,19%,11.75,Diesel,"85 Markt Schwaben, Germany","https://maps.google.com/?q=48.1909223,11.8630208&elevation=N/A"
111,20.12.2023,09:40,4544.0,0.0,EBEP5045,Bk Tankstelle München - Münche D,39.21,0,1.3841,54.27,19%,10.31,Diesel,"Baaderstraße 6, 80469 München, Germany","https://maps.google.com/?q=48.13315979999999,11.5810235&elevation=N/A"
173,13.01.2024,13:58,4544.0,0.0,EBEP5045,Avia Station - Markt Schwaben D,66.56,0,1.3759,91.58,19%,17.4,Diesel,"85 Markt Schwaben, Germany","https://maps.google.com/?q=48.1909223,11.8630208&elevation=N/A"
221,02.02.2024,18:00,4544.0,0.0,EBEP5045,Avia Station - Markt Schwaben D,57.84,0,1.3757,79.57,19%,15.12,Diesel,"85 Markt Schwaben, Germany","https://maps.google.com/?q=48.1909223,11.8630208&elevation=N/A"
248,17.02.2024,14:13,45544.0,41000.0,EBEP5045,Avia Station - Markt Schwaben D,58.06,0.14,1.4346,83.29,19%,15.83,Diesel,"85 Markt Schwaben, Germany","https://maps.google.com/?q=48.1909223,11.8630208&elevation=N/A"
276,02.03.2024,18:55,4544.0,-41000.0,EBEP5045,Avia Station - Markt Schwaben D,46.61,-0.11,1.4262,66.48,19%,12.63,Diesel,"85 Markt Schwaben, Germany","https://maps.google.com/?q=48.1909223,11.8630208&elevation=N/A"
347,02.04.2024,17:02,4544.0,0.0,EBEP5045,Avia Station - Schwabhausen Dp,68.77,0,1.401,96.35,19%,18.3,Diesel,"85247 Schwabhausen, Germany","https://maps.google.com/?q=48.3012329,11.3651963&elevation=N/A"
359,07.04.2024,19:36,4544.0,0.0,EBEP5045,Bk Tankstelle Marktl - Marktl D,70.22,0,1.4766,103.68,19%,19.7,Diesel,"Burghauser Str. 2, 84533 Marktl, Germany","https://maps.google.com/?q=48.25324519999999,12.8434819&elevation=N/A"
420,14.05.2024,17:31,4544.0,0.0,EBEP5045,Avia Station - Markt Schwaben D,69.52,0,1.3757,95.64,19%,18.17,Diesel,"85 Markt Schwaben, Germany","https://maps.google.com/?q=48.1909223,11.8630208&elevation=N/A"
,,,,0.0,,,800.86,0.09,,1144.77,,217.5,,,
,,,,,,,,,,,,,,,
,,,,,,,,,,,,,,,
88,07.12.2023,17:32,4544.0,0,PREMIUMLIMO,Jet Station - Englharting Dp,66.26,0,1.4514,96.17,19%,18.27,Diesel,"85614 Kirchseeon-Eglharting, Germany","https://maps.google.com/?q=48.0817552,11.8571603&elevation=N/A"
116,17.12.2023,21:29,4544.0,0.0,PREMIUMLIMO,Jet Station - Englharting Dp,66.79,0,1.4261,95.25,19%,18.09,Diesel,"85614 Kirchseeon-Eglharting, Germany","https://maps.google.com/?q=48.0817552,11.8571603&elevation=N/A"
198,15.01.2024,16:48,4544.0,0.0,PREMIUMLIMO,Jet Station - Englharting Dp,65.98,0,1.3841,91.32,19%,17.36,Diesel,"85614 Kirchseeon-Eglharting, Germany","https://maps.google.com/?q=48.0817552,11.8571603&elevation=N/A"
252,13.02.2024,12:19,4544.0,0.0,PREMIUMLIMO,Avia Station - Markt Schwaben D,62.09,0,1.3841,85.94,19%,16.33,Diesel,"85 Markt Schwaben, Germany","https://maps.google.com/?q=48.1909223,11.8630208&elevation=N/A"
309,13.03.2024,19:08,4544.0,0.0,PREMIUMLIMO,Avia Station - Neubiberg D,61.3,0,1.4177,86.91,19%,16.51,Diesel,"85 Neubiberg, Germany","https://maps.google.com/?q=48.0747033,11.6714622&elevation=N/A"
352,05.04.2024,16:08,4544.0,0.0,PREMIUMLIMO,Jet Station - Englharting Dp,34.13,0,1.4097,48.11,19%,9.14,Diesel,"85614 Kirchseeon-Eglharting, Germany","https://maps.google.com/?q=48.0817552,11.8571603&elevation=N/A"
377,15.04.2024,16:56,4444.0,-100.0,PREMIUMLIMO,Jet Station - Englharting Dp,64.12,-64.12,1.4093,90.37,19%,17.17,Diesel,"85614 Kirchseeon-Eglharting, Germany","https://maps.google.com/?q=48.0817552,11.8571603&elevation=N/A"
414,08.05.2024,17:35,4444.0,0.0,PREMIUMLIMO,Jet Station - Englharting Dp,57.93,0,1.3926,80.67,19%,15.33,Diesel,"85614 Kirchseeon-Eglharting, Germany","https://maps.google.com/?q=48.0817552,11.8571603&elevation=N/A"
,,,,-100.0,,,478.6,0,,674.74,,128.2,,,
